order,set_key,file_path,thumbnail,width,height
1,Greater,http://128.8.164.178:3000/dcic_docs/Greater_Boston_Box107/Greater_Boston_AD_003.jpg,http://128.8.164.178:3000/dcic_docs/Greater_Boston_Box107/thumb/Greater_Boston_AD_003.jpg,900,1484
2,Greater,http://128.8.164.178:3000/dcic_docs/Greater_Boston_Box107/Greater_Boston_AD_004.jpg,http://128.8.164.178:3000/dcic_docs/Greater_Boston_Box107/thumb/Greater_Boston_AD_004.jpg,900,1484
3,Greater,http://128.8.164.178:3000/dcic_docs/Greater_Boston_Box107/Greater_Boston_AD_005.jpg,http://128.8.164.178:3000/dcic_docs/Greater_Boston_Box107/thumb/Greater_Boston_AD_005.jpg,900,1484
4,Greater,http://128.8.164.178:3000/dcic_docs/Greater_Boston_Box107/Greater_Boston_AD_006.jpg,http://128.8.164.178:3000/dcic_docs/Greater_Boston_Box107/thumb/Greater_Boston_AD_006.jpg,900,1484
5,Greater,http://128.8.164.178:3000/dcic_docs/Greater_Boston_Box107/Greater_Boston_AD_007.jpg,http://128.8.164.178:3000/dcic_docs/Greater_Boston_Box107/thumb/Greater_Boston_AD_007.jpg,900,1484
6,Greater,http://128.8.164.178:3000/dcic_docs/Greater_Boston_Box107/Greater_Boston_AD_008.jpg,http://128.8.164.178:3000/dcic_docs/Greater_Boston_Box107/thumb/Greater_Boston_AD_008.jpg,900,1484
7,Greater,http://128.8.164.178:3000/dcic_docs/Greater_Boston_Box107/Greater_Boston_AD_009.jpg,http://128.8.164.178:3000/dcic_docs/Greater_Boston_Box107/thumb/Greater_Boston_AD_009.jpg,900,1484
8,Greater,http://128.8.164.178:3000/dcic_docs/Greater_Boston_Box107/Greater_Boston_AD_010.jpg,http://128.8.164.178:3000/dcic_docs/Greater_Boston_Box107/thumb/Greater_Boston_AD_010.jpg,900,1484
9,Greater,http://128.8.164.178:3000/dcic_docs/Greater_Boston_Box107/Greater_Boston_AD_011.jpg,http://128.8.164.178:3000/dcic_docs/Greater_Boston_Box107/thumb/Greater_Boston_AD_011.jpg,900,1484
10,Greater,http://128.8.164.178:3000/dcic_docs/Greater_Boston_Box107/Greater_Boston_AD_012.jpg,http://128.8.164.178:3000/dcic_docs/Greater_Boston_Box107/thumb/Greater_Boston_AD_012.jpg,900,1484
11,Greater,http://128.8.164.178:3000/dcic_docs/Greater_Boston_Box107/Greater_Boston_AD_013.jpg,http://128.8.164.178:3000/dcic_docs/Greater_Boston_Box107/thumb/Greater_Boston_AD_013.jpg,900,1484
12,Greater,http://128.8.164.178:3000/dcic_docs/Greater_Boston_Box107/Greater_Boston_AD_014.jpg,http://128.8.164.178:3000/dcic_docs/Greater_Boston_Box107/thumb/Greater_Boston_AD_014.jpg,900,1484
13,Greater,http://128.8.164.178:3000/dcic_docs/Greater_Boston_Box107/Greater_Boston_AD_015.jpg,http://128.8.164.178:3000/dcic_docs/Greater_Boston_Box107/thumb/Greater_Boston_AD_015.jpg,900,1484
14,Greater,http://128.8.164.178:3000/dcic_docs/Greater_Boston_Box107/Greater_Boston_AD_016.jpg,http://128.8.164.178:3000/dcic_docs/Greater_Boston_Box107/thumb/Greater_Boston_AD_016.jpg,900,1484
15,Greater,http://128.8.164.178:3000/dcic_docs/Greater_Boston_Box107/Greater_Boston_AD_017.jpg,http://128.8.164.178:3000/dcic_docs/Greater_Boston_Box107/thumb/Greater_Boston_AD_017.jpg,900,1484
16,Greater,http://128.8.164.178:3000/dcic_docs/Greater_Boston_Box107/Greater_Boston_AD_018.jpg,http://128.8.164.178:3000/dcic_docs/Greater_Boston_Box107/thumb/Greater_Boston_AD_018.jpg,900,1484
17,Greater,http://128.8.164.178:3000/dcic_docs/Greater_Boston_Box107/Greater_Boston_AD_019.jpg,http://128.8.164.178:3000/dcic_docs/Greater_Boston_Box107/thumb/Greater_Boston_AD_019.jpg,900,1484
18,Greater,http://128.8.164.178:3000/dcic_docs/Greater_Boston_Box107/Greater_Boston_AD_020.jpg,http://128.8.164.178:3000/dcic_docs/Greater_Boston_Box107/thumb/Greater_Boston_AD_020.jpg,900,1484
19,Greater,http://128.8.164.178:3000/dcic_docs/Greater_Boston_Box107/Greater_Boston_AD_021.jpg,http://128.8.164.178:3000/dcic_docs/Greater_Boston_Box107/thumb/Greater_Boston_AD_021.jpg,900,1484
20,Greater,http://128.8.164.178:3000/dcic_docs/Greater_Boston_Box107/Greater_Boston_AD_022.jpg,http://128.8.164.178:3000/dcic_docs/Greater_Boston_Box107/thumb/Greater_Boston_AD_022.jpg,900,1484
21,Greater,http://128.8.164.178:3000/dcic_docs/Greater_Boston_Box107/Greater_Boston_AD_023.jpg,http://128.8.164.178:3000/dcic_docs/Greater_Boston_Box107/thumb/Greater_Boston_AD_023.jpg,900,1484
22,Greater,http://128.8.164.178:3000/dcic_docs/Greater_Boston_Box107/Greater_Boston_AD_024.jpg,http://128.8.164.178:3000/dcic_docs/Greater_Boston_Box107/thumb/Greater_Boston_AD_024.jpg,900,1484
23,Greater,http://128.8.164.178:3000/dcic_docs/Greater_Boston_Box107/Greater_Boston_AD_025.jpg,http://128.8.164.178:3000/dcic_docs/Greater_Boston_Box107/thumb/Greater_Boston_AD_025.jpg,900,1484
24,Greater,http://128.8.164.178:3000/dcic_docs/Greater_Boston_Box107/Greater_Boston_AD_026.jpg,http://128.8.164.178:3000/dcic_docs/Greater_Boston_Box107/thumb/Greater_Boston_AD_026.jpg,900,1484
25,Greater,http://128.8.164.178:3000/dcic_docs/Greater_Boston_Box107/Greater_Boston_AD_027.jpg,http://128.8.164.178:3000/dcic_docs/Greater_Boston_Box107/thumb/Greater_Boston_AD_027.jpg,900,1484
26,Greater,http://128.8.164.178:3000/dcic_docs/Greater_Boston_Box107/Greater_Boston_AD_028.jpg,http://128.8.164.178:3000/dcic_docs/Greater_Boston_Box107/thumb/Greater_Boston_AD_028.jpg,900,1484
27,Greater,http://128.8.164.178:3000/dcic_docs/Greater_Boston_Box107/Greater_Boston_AD_029.jpg,http://128.8.164.178:3000/dcic_docs/Greater_Boston_Box107/thumb/Greater_Boston_AD_029.jpg,900,1484
28,Greater,http://128.8.164.178:3000/dcic_docs/Greater_Boston_Box107/Greater_Boston_AD_030.jpg,http://128.8.164.178:3000/dcic_docs/Greater_Boston_Box107/thumb/Greater_Boston_AD_030.jpg,900,1484
29,Greater,http://128.8.164.178:3000/dcic_docs/Greater_Boston_Box107/Greater_Boston_AD_031.jpg,http://128.8.164.178:3000/dcic_docs/Greater_Boston_Box107/thumb/Greater_Boston_AD_031.jpg,900,1484
30,Greater,http://128.8.164.178:3000/dcic_docs/Greater_Boston_Box107/Greater_Boston_AD_032.jpg,http://128.8.164.178:3000/dcic_docs/Greater_Boston_Box107/thumb/Greater_Boston_AD_032.jpg,900,1484
31,Greater,http://128.8.164.178:3000/dcic_docs/Greater_Boston_Box107/Greater_Boston_AD_033.jpg,http://128.8.164.178:3000/dcic_docs/Greater_Boston_Box107/thumb/Greater_Boston_AD_033.jpg,900,1484
32,Greater,http://128.8.164.178:3000/dcic_docs/Greater_Boston_Box107/Greater_Boston_AD_034.jpg,http://128.8.164.178:3000/dcic_docs/Greater_Boston_Box107/thumb/Greater_Boston_AD_034.jpg,900,1484
33,Greater,http://128.8.164.178:3000/dcic_docs/Greater_Boston_Box107/Greater_Boston_AD_035.jpg,http://128.8.164.178:3000/dcic_docs/Greater_Boston_Box107/thumb/Greater_Boston_AD_035.jpg,900,1484
34,Greater,http://128.8.164.178:3000/dcic_docs/Greater_Boston_Box107/Greater_Boston_AD_036.jpg,http://128.8.164.178:3000/dcic_docs/Greater_Boston_Box107/thumb/Greater_Boston_AD_036.jpg,900,1484
35,Greater,http://128.8.164.178:3000/dcic_docs/Greater_Boston_Box107/Greater_Boston_AD_037.jpg,http://128.8.164.178:3000/dcic_docs/Greater_Boston_Box107/thumb/Greater_Boston_AD_037.jpg,900,1484
36,Greater,http://128.8.164.178:3000/dcic_docs/Greater_Boston_Box107/Greater_Boston_AD_038.jpg,http://128.8.164.178:3000/dcic_docs/Greater_Boston_Box107/thumb/Greater_Boston_AD_038.jpg,900,1484
37,Greater,http://128.8.164.178:3000/dcic_docs/Greater_Boston_Box107/Greater_Boston_AD_039.jpg,http://128.8.164.178:3000/dcic_docs/Greater_Boston_Box107/thumb/Greater_Boston_AD_039.jpg,900,1484
38,Greater,http://128.8.164.178:3000/dcic_docs/Greater_Boston_Box107/Greater_Boston_AD_040.jpg,http://128.8.164.178:3000/dcic_docs/Greater_Boston_Box107/thumb/Greater_Boston_AD_040.jpg,900,1484
39,Greater,http://128.8.164.178:3000/dcic_docs/Greater_Boston_Box107/Greater_Boston_AD_041.jpg,http://128.8.164.178:3000/dcic_docs/Greater_Boston_Box107/thumb/Greater_Boston_AD_041.jpg,900,1484
40,Greater,http://128.8.164.178:3000/dcic_docs/Greater_Boston_Box107/Greater_Boston_AD_043.jpg,http://128.8.164.178:3000/dcic_docs/Greater_Boston_Box107/thumb/Greater_Boston_AD_043.jpg,900,1484
41,Greater,http://128.8.164.178:3000/dcic_docs/Greater_Boston_Box107/Greater_Boston_AD_044.jpg,http://128.8.164.178:3000/dcic_docs/Greater_Boston_Box107/thumb/Greater_Boston_AD_044.jpg,900,1484
42,Greater,http://128.8.164.178:3000/dcic_docs/Greater_Boston_Box107/Greater_Boston_AD_045.jpg,http://128.8.164.178:3000/dcic_docs/Greater_Boston_Box107/thumb/Greater_Boston_AD_045.jpg,900,1484
43,Greater,http://128.8.164.178:3000/dcic_docs/Greater_Boston_Box107/Greater_Boston_AD_046.jpg,http://128.8.164.178:3000/dcic_docs/Greater_Boston_Box107/thumb/Greater_Boston_AD_046.jpg,900,1484
44,Greater,http://128.8.164.178:3000/dcic_docs/Greater_Boston_Box107/Greater_Boston_AD_047.jpg,http://128.8.164.178:3000/dcic_docs/Greater_Boston_Box107/thumb/Greater_Boston_AD_047.jpg,900,1484
45,Greater,http://128.8.164.178:3000/dcic_docs/Greater_Boston_Box107/Greater_Boston_AD_048.jpg,http://128.8.164.178:3000/dcic_docs/Greater_Boston_Box107/thumb/Greater_Boston_AD_048.jpg,900,1484
46,Greater,http://128.8.164.178:3000/dcic_docs/Greater_Boston_Box107/Greater_Boston_AD_049.jpg,http://128.8.164.178:3000/dcic_docs/Greater_Boston_Box107/thumb/Greater_Boston_AD_049.jpg,900,1484
47,Greater,http://128.8.164.178:3000/dcic_docs/Greater_Boston_Box107/Greater_Boston_AD_050.jpg,http://128.8.164.178:3000/dcic_docs/Greater_Boston_Box107/thumb/Greater_Boston_AD_050.jpg,900,1484
48,Greater,http://128.8.164.178:3000/dcic_docs/Greater_Boston_Box107/Greater_Boston_AD_051.jpg,http://128.8.164.178:3000/dcic_docs/Greater_Boston_Box107/thumb/Greater_Boston_AD_051.jpg,900,1484
49,Greater,http://128.8.164.178:3000/dcic_docs/Greater_Boston_Box107/Greater_Boston_AD_052.jpg,http://128.8.164.178:3000/dcic_docs/Greater_Boston_Box107/thumb/Greater_Boston_AD_052.jpg,900,1484
50,Greater,http://128.8.164.178:3000/dcic_docs/Greater_Boston_Box107/Greater_Boston_AD_053.jpg,http://128.8.164.178:3000/dcic_docs/Greater_Boston_Box107/thumb/Greater_Boston_AD_053.jpg,900,1484
51,Greater,http://128.8.164.178:3000/dcic_docs/Greater_Boston_Box107/Greater_Boston_AD_055.jpg,http://128.8.164.178:3000/dcic_docs/Greater_Boston_Box107/thumb/Greater_Boston_AD_055.jpg,900,1484
52,Greater,http://128.8.164.178:3000/dcic_docs/Greater_Boston_Box107/Greater_Boston_AD_056.jpg,http://128.8.164.178:3000/dcic_docs/Greater_Boston_Box107/thumb/Greater_Boston_AD_056.jpg,900,1484
53,Greater,http://128.8.164.178:3000/dcic_docs/Greater_Boston_Box107/Greater_Boston_AD_057.jpg,http://128.8.164.178:3000/dcic_docs/Greater_Boston_Box107/thumb/Greater_Boston_AD_057.jpg,900,1484
54,Greater,http://128.8.164.178:3000/dcic_docs/Greater_Boston_Box107/Greater_Boston_AD_058.jpg,http://128.8.164.178:3000/dcic_docs/Greater_Boston_Box107/thumb/Greater_Boston_AD_058.jpg,900,1484
55,Greater,http://128.8.164.178:3000/dcic_docs/Greater_Boston_Box107/Greater_Boston_AD_059.jpg,http://128.8.164.178:3000/dcic_docs/Greater_Boston_Box107/thumb/Greater_Boston_AD_059.jpg,900,1484
56,Greater,http://128.8.164.178:3000/dcic_docs/Greater_Boston_Box107/Greater_Boston_AD_060.jpg,http://128.8.164.178:3000/dcic_docs/Greater_Boston_Box107/thumb/Greater_Boston_AD_060.jpg,900,1484
57,Greater,http://128.8.164.178:3000/dcic_docs/Greater_Boston_Box107/Greater_Boston_AD_061.jpg,http://128.8.164.178:3000/dcic_docs/Greater_Boston_Box107/thumb/Greater_Boston_AD_061.jpg,900,1484
58,Greater,http://128.8.164.178:3000/dcic_docs/Greater_Boston_Box107/Greater_Boston_AD_062.jpg,http://128.8.164.178:3000/dcic_docs/Greater_Boston_Box107/thumb/Greater_Boston_AD_062.jpg,900,1484
59,Greater,http://128.8.164.178:3000/dcic_docs/Greater_Boston_Box107/Greater_Boston_AD_063.jpg,http://128.8.164.178:3000/dcic_docs/Greater_Boston_Box107/thumb/Greater_Boston_AD_063.jpg,900,1484
60,Greater,http://128.8.164.178:3000/dcic_docs/Greater_Boston_Box107/Greater_Boston_AD_064.jpg,http://128.8.164.178:3000/dcic_docs/Greater_Boston_Box107/thumb/Greater_Boston_AD_064.jpg,900,1484
61,Greater,http://128.8.164.178:3000/dcic_docs/Greater_Boston_Box107/Greater_Boston_AD_065.jpg,http://128.8.164.178:3000/dcic_docs/Greater_Boston_Box107/thumb/Greater_Boston_AD_065.jpg,900,1484
62,Greater,http://128.8.164.178:3000/dcic_docs/Greater_Boston_Box107/Greater_Boston_AD_066.jpg,http://128.8.164.178:3000/dcic_docs/Greater_Boston_Box107/thumb/Greater_Boston_AD_066.jpg,900,1484
63,Greater,http://128.8.164.178:3000/dcic_docs/Greater_Boston_Box107/Greater_Boston_AD_068.jpg,http://128.8.164.178:3000/dcic_docs/Greater_Boston_Box107/thumb/Greater_Boston_AD_068.jpg,900,1484
64,Greater,http://128.8.164.178:3000/dcic_docs/Greater_Boston_Box107/Greater_Boston_AD_069.jpg,http://128.8.164.178:3000/dcic_docs/Greater_Boston_Box107/thumb/Greater_Boston_AD_069.jpg,900,1484
65,Greater,http://128.8.164.178:3000/dcic_docs/Greater_Boston_Box107/Greater_Boston_AD_070.jpg,http://128.8.164.178:3000/dcic_docs/Greater_Boston_Box107/thumb/Greater_Boston_AD_070.jpg,900,1484
66,Greater,http://128.8.164.178:3000/dcic_docs/Greater_Boston_Box107/Greater_Boston_AD_071.jpg,http://128.8.164.178:3000/dcic_docs/Greater_Boston_Box107/thumb/Greater_Boston_AD_071.jpg,900,1484
67,Greater,http://128.8.164.178:3000/dcic_docs/Greater_Boston_Box107/Greater_Boston_AD_072.jpg,http://128.8.164.178:3000/dcic_docs/Greater_Boston_Box107/thumb/Greater_Boston_AD_072.jpg,900,1484
68,Greater,http://128.8.164.178:3000/dcic_docs/Greater_Boston_Box107/Greater_Boston_AD_073.jpg,http://128.8.164.178:3000/dcic_docs/Greater_Boston_Box107/thumb/Greater_Boston_AD_073.jpg,900,1484
69,Greater,http://128.8.164.178:3000/dcic_docs/Greater_Boston_Box107/Greater_Boston_AD_074.jpg,http://128.8.164.178:3000/dcic_docs/Greater_Boston_Box107/thumb/Greater_Boston_AD_074.jpg,900,1484
70,Greater,http://128.8.164.178:3000/dcic_docs/Greater_Boston_Box107/Greater_Boston_AD_075.jpg,http://128.8.164.178:3000/dcic_docs/Greater_Boston_Box107/thumb/Greater_Boston_AD_075.jpg,900,1484
71,Greater,http://128.8.164.178:3000/dcic_docs/Greater_Boston_Box107/Greater_Boston_AD_076.jpg,http://128.8.164.178:3000/dcic_docs/Greater_Boston_Box107/thumb/Greater_Boston_AD_076.jpg,900,1484
72,Greater,http://128.8.164.178:3000/dcic_docs/Greater_Boston_Box107/Greater_Boston_AD_077.jpg,http://128.8.164.178:3000/dcic_docs/Greater_Boston_Box107/thumb/Greater_Boston_AD_077.jpg,900,1484
73,Greater,http://128.8.164.178:3000/dcic_docs/Greater_Boston_Box107/Greater_Boston_AD_079.jpg,http://128.8.164.178:3000/dcic_docs/Greater_Boston_Box107/thumb/Greater_Boston_AD_079.jpg,900,1484
74,Greater,http://128.8.164.178:3000/dcic_docs/Greater_Boston_Box107/Greater_Boston_AD_080.jpg,http://128.8.164.178:3000/dcic_docs/Greater_Boston_Box107/thumb/Greater_Boston_AD_080.jpg,900,1484
75,Greater,http://128.8.164.178:3000/dcic_docs/Greater_Boston_Box107/Greater_Boston_AD_081.jpg,http://128.8.164.178:3000/dcic_docs/Greater_Boston_Box107/thumb/Greater_Boston_AD_081.jpg,900,1484
76,Greater,http://128.8.164.178:3000/dcic_docs/Greater_Boston_Box107/Greater_Boston_AD_082.jpg,http://128.8.164.178:3000/dcic_docs/Greater_Boston_Box107/thumb/Greater_Boston_AD_082.jpg,900,1484
77,Greater,http://128.8.164.178:3000/dcic_docs/Greater_Boston_Box107/Greater_Boston_AD_083.jpg,http://128.8.164.178:3000/dcic_docs/Greater_Boston_Box107/thumb/Greater_Boston_AD_083.jpg,900,1484
78,Greater,http://128.8.164.178:3000/dcic_docs/Greater_Boston_Box107/Greater_Boston_AD_084.jpg,http://128.8.164.178:3000/dcic_docs/Greater_Boston_Box107/thumb/Greater_Boston_AD_084.jpg,900,1484
79,Greater,http://128.8.164.178:3000/dcic_docs/Greater_Boston_Box107/Greater_Boston_AD_085.jpg,http://128.8.164.178:3000/dcic_docs/Greater_Boston_Box107/thumb/Greater_Boston_AD_085.jpg,900,1484
80,Greater,http://128.8.164.178:3000/dcic_docs/Greater_Boston_Box107/Greater_Boston_AD_086.jpg,http://128.8.164.178:3000/dcic_docs/Greater_Boston_Box107/thumb/Greater_Boston_AD_086.jpg,900,1484
81,Greater,http://128.8.164.178:3000/dcic_docs/Greater_Boston_Box107/Greater_Boston_AD_088.jpg,http://128.8.164.178:3000/dcic_docs/Greater_Boston_Box107/thumb/Greater_Boston_AD_088.jpg,900,1484
82,Greater,http://128.8.164.178:3000/dcic_docs/Greater_Boston_Box107/Greater_Boston_AD_089.jpg,http://128.8.164.178:3000/dcic_docs/Greater_Boston_Box107/thumb/Greater_Boston_AD_089.jpg,900,1484
83,Greater,http://128.8.164.178:3000/dcic_docs/Greater_Boston_Box107/Greater_Boston_AD_090.jpg,http://128.8.164.178:3000/dcic_docs/Greater_Boston_Box107/thumb/Greater_Boston_AD_090.jpg,900,1484
84,Greater,http://128.8.164.178:3000/dcic_docs/Greater_Boston_Box107/Greater_Boston_AD_091.jpg,http://128.8.164.178:3000/dcic_docs/Greater_Boston_Box107/thumb/Greater_Boston_AD_091.jpg,900,1484
85,Greater,http://128.8.164.178:3000/dcic_docs/Greater_Boston_Box107/Greater_Boston_AD_092.jpg,http://128.8.164.178:3000/dcic_docs/Greater_Boston_Box107/thumb/Greater_Boston_AD_092.jpg,900,1484
86,Greater,http://128.8.164.178:3000/dcic_docs/Greater_Boston_Box107/Greater_Boston_AD_093.jpg,http://128.8.164.178:3000/dcic_docs/Greater_Boston_Box107/thumb/Greater_Boston_AD_093.jpg,900,1484
87,Greater,http://128.8.164.178:3000/dcic_docs/Greater_Boston_Box107/Greater_Boston_AD_095.jpg,http://128.8.164.178:3000/dcic_docs/Greater_Boston_Box107/thumb/Greater_Boston_AD_095.jpg,900,1484
88,Greater,http://128.8.164.178:3000/dcic_docs/Greater_Boston_Box107/Greater_Boston_AD_096.jpg,http://128.8.164.178:3000/dcic_docs/Greater_Boston_Box107/thumb/Greater_Boston_AD_096.jpg,900,1484
89,Greater,http://128.8.164.178:3000/dcic_docs/Greater_Boston_Box107/Greater_Boston_AD_097.jpg,http://128.8.164.178:3000/dcic_docs/Greater_Boston_Box107/thumb/Greater_Boston_AD_097.jpg,900,1484
90,Greater,http://128.8.164.178:3000/dcic_docs/Greater_Boston_Box107/Greater_Boston_AD_098.jpg,http://128.8.164.178:3000/dcic_docs/Greater_Boston_Box107/thumb/Greater_Boston_AD_098.jpg,900,1484
91,Greater,http://128.8.164.178:3000/dcic_docs/Greater_Boston_Box107/Greater_Boston_AD_099.jpg,http://128.8.164.178:3000/dcic_docs/Greater_Boston_Box107/thumb/Greater_Boston_AD_099.jpg,900,1484
92,Greater,http://128.8.164.178:3000/dcic_docs/Greater_Boston_Box107/Greater_Boston_AD_100.jpg,http://128.8.164.178:3000/dcic_docs/Greater_Boston_Box107/thumb/Greater_Boston_AD_100.jpg,900,1484
93,Greater,http://128.8.164.178:3000/dcic_docs/Greater_Boston_Box107/Greater_Boston_AD_101.jpg,http://128.8.164.178:3000/dcic_docs/Greater_Boston_Box107/thumb/Greater_Boston_AD_101.jpg,900,1484
94,Greater,http://128.8.164.178:3000/dcic_docs/Greater_Boston_Box107/Greater_Boston_AD_102.jpg,http://128.8.164.178:3000/dcic_docs/Greater_Boston_Box107/thumb/Greater_Boston_AD_102.jpg,900,1484
95,Greater,http://128.8.164.178:3000/dcic_docs/Greater_Boston_Box107/Greater_Boston_AD_103.jpg,http://128.8.164.178:3000/dcic_docs/Greater_Boston_Box107/thumb/Greater_Boston_AD_103.jpg,900,1484
96,Greater,http://128.8.164.178:3000/dcic_docs/Greater_Boston_Box107/Greater_Boston_AD_104.jpg,http://128.8.164.178:3000/dcic_docs/Greater_Boston_Box107/thumb/Greater_Boston_AD_104.jpg,900,1484
97,Greater,http://128.8.164.178:3000/dcic_docs/Greater_Boston_Box107/Greater_Boston_AD_105.jpg,http://128.8.164.178:3000/dcic_docs/Greater_Boston_Box107/thumb/Greater_Boston_AD_105.jpg,900,1484
98,Greater,http://128.8.164.178:3000/dcic_docs/Greater_Boston_Box107/Greater_Boston_AD_106.jpg,http://128.8.164.178:3000/dcic_docs/Greater_Boston_Box107/thumb/Greater_Boston_AD_106.jpg,900,1484
99,Greater,http://128.8.164.178:3000/dcic_docs/Greater_Boston_Box107/Greater_Boston_AD_107.jpg,http://128.8.164.178:3000/dcic_docs/Greater_Boston_Box107/thumb/Greater_Boston_AD_107.jpg,900,1484
100,Greater,http://128.8.164.178:3000/dcic_docs/Greater_Boston_Box107/Greater_Boston_AD_108.jpg,http://128.8.164.178:3000/dcic_docs/Greater_Boston_Box107/thumb/Greater_Boston_AD_108.jpg,900,1484
101,Greater,http://128.8.164.178:3000/dcic_docs/Greater_Boston_Box107/Greater_Boston_AD_110.jpg,http://128.8.164.178:3000/dcic_docs/Greater_Boston_Box107/thumb/Greater_Boston_AD_110.jpg,900,1484
102,Greater,http://128.8.164.178:3000/dcic_docs/Greater_Boston_Box107/Greater_Boston_AD_111.jpg,http://128.8.164.178:3000/dcic_docs/Greater_Boston_Box107/thumb/Greater_Boston_AD_111.jpg,900,1484
103,Greater,http://128.8.164.178:3000/dcic_docs/Greater_Boston_Box107/Greater_Boston_AD_112.jpg,http://128.8.164.178:3000/dcic_docs/Greater_Boston_Box107/thumb/Greater_Boston_AD_112.jpg,900,1484
104,Greater,http://128.8.164.178:3000/dcic_docs/Greater_Boston_Box107/Greater_Boston_AD_113.jpg,http://128.8.164.178:3000/dcic_docs/Greater_Boston_Box107/thumb/Greater_Boston_AD_113.jpg,900,1484
105,Greater,http://128.8.164.178:3000/dcic_docs/Greater_Boston_Box107/Greater_Boston_AD_114.jpg,http://128.8.164.178:3000/dcic_docs/Greater_Boston_Box107/thumb/Greater_Boston_AD_114.jpg,900,1484
106,Greater,http://128.8.164.178:3000/dcic_docs/Greater_Boston_Box107/Greater_Boston_AD_115.jpg,http://128.8.164.178:3000/dcic_docs/Greater_Boston_Box107/thumb/Greater_Boston_AD_115.jpg,900,1484
107,Greater,http://128.8.164.178:3000/dcic_docs/Greater_Boston_Box107/Greater_Boston_AD_116.jpg,http://128.8.164.178:3000/dcic_docs/Greater_Boston_Box107/thumb/Greater_Boston_AD_116.jpg,900,1484
108,Greater,http://128.8.164.178:3000/dcic_docs/Greater_Boston_Box107/Greater_Boston_AD_117.jpg,http://128.8.164.178:3000/dcic_docs/Greater_Boston_Box107/thumb/Greater_Boston_AD_117.jpg,900,1484
109,Greater,http://128.8.164.178:3000/dcic_docs/Greater_Boston_Box107/Greater_Boston_AD_118.jpg,http://128.8.164.178:3000/dcic_docs/Greater_Boston_Box107/thumb/Greater_Boston_AD_118.jpg,900,1484
110,Greater,http://128.8.164.178:3000/dcic_docs/Greater_Boston_Box107/Greater_Boston_AD_119.jpg,http://128.8.164.178:3000/dcic_docs/Greater_Boston_Box107/thumb/Greater_Boston_AD_119.jpg,900,1484
111,Greater,http://128.8.164.178:3000/dcic_docs/Greater_Boston_Box107/Greater_Boston_AD_120.jpg,http://128.8.164.178:3000/dcic_docs/Greater_Boston_Box107/thumb/Greater_Boston_AD_120.jpg,900,1484
112,Greater,http://128.8.164.178:3000/dcic_docs/Greater_Boston_Box107/Greater_Boston_AD_122.jpg,http://128.8.164.178:3000/dcic_docs/Greater_Boston_Box107/thumb/Greater_Boston_AD_122.jpg,900,1484
113,Greater,http://128.8.164.178:3000/dcic_docs/Greater_Boston_Box107/Greater_Boston_AD_123.jpg,http://128.8.164.178:3000/dcic_docs/Greater_Boston_Box107/thumb/Greater_Boston_AD_123.jpg,900,1484
114,Greater,http://128.8.164.178:3000/dcic_docs/Greater_Boston_Box107/Greater_Boston_AD_124.jpg,http://128.8.164.178:3000/dcic_docs/Greater_Boston_Box107/thumb/Greater_Boston_AD_124.jpg,900,1484
115,Greater,http://128.8.164.178:3000/dcic_docs/Greater_Boston_Box107/Greater_Boston_AD_125.jpg,http://128.8.164.178:3000/dcic_docs/Greater_Boston_Box107/thumb/Greater_Boston_AD_125.jpg,900,1484
116,Greater,http://128.8.164.178:3000/dcic_docs/Greater_Boston_Box107/Greater_Boston_AD_126.jpg,http://128.8.164.178:3000/dcic_docs/Greater_Boston_Box107/thumb/Greater_Boston_AD_126.jpg,900,1484
117,Greater,http://128.8.164.178:3000/dcic_docs/Greater_Boston_Box107/Greater_Boston_AD_127.jpg,http://128.8.164.178:3000/dcic_docs/Greater_Boston_Box107/thumb/Greater_Boston_AD_127.jpg,900,1484
118,Greater,http://128.8.164.178:3000/dcic_docs/Greater_Boston_Box107/Greater_Boston_AD_128.jpg,http://128.8.164.178:3000/dcic_docs/Greater_Boston_Box107/thumb/Greater_Boston_AD_128.jpg,900,1484
119,Greater,http://128.8.164.178:3000/dcic_docs/Greater_Boston_Box107/Greater_Boston_AD_129.jpg,http://128.8.164.178:3000/dcic_docs/Greater_Boston_Box107/thumb/Greater_Boston_AD_129.jpg,900,1484
120,Greater,http://128.8.164.178:3000/dcic_docs/Greater_Boston_Box107/Greater_Boston_AD_130.jpg,http://128.8.164.178:3000/dcic_docs/Greater_Boston_Box107/thumb/Greater_Boston_AD_130.jpg,900,1484
121,Greater,http://128.8.164.178:3000/dcic_docs/Greater_Boston_Box107/Greater_Boston_AD_131.jpg,http://128.8.164.178:3000/dcic_docs/Greater_Boston_Box107/thumb/Greater_Boston_AD_131.jpg,900,1484
122,Greater,http://128.8.164.178:3000/dcic_docs/Greater_Boston_Box107/Greater_Boston_AD_133.jpg,http://128.8.164.178:3000/dcic_docs/Greater_Boston_Box107/thumb/Greater_Boston_AD_133.jpg,900,1484
123,Greater,http://128.8.164.178:3000/dcic_docs/Greater_Boston_Box107/Greater_Boston_AD_134.jpg,http://128.8.164.178:3000/dcic_docs/Greater_Boston_Box107/thumb/Greater_Boston_AD_134.jpg,900,1484
124,Greater,http://128.8.164.178:3000/dcic_docs/Greater_Boston_Box107/Greater_Boston_AD_135.jpg,http://128.8.164.178:3000/dcic_docs/Greater_Boston_Box107/thumb/Greater_Boston_AD_135.jpg,900,1484
125,Greater,http://128.8.164.178:3000/dcic_docs/Greater_Boston_Box107/Greater_Boston_AD_136.jpg,http://128.8.164.178:3000/dcic_docs/Greater_Boston_Box107/thumb/Greater_Boston_AD_136.jpg,900,1484
126,Greater,http://128.8.164.178:3000/dcic_docs/Greater_Boston_Box107/Greater_Boston_AD_137.jpg,http://128.8.164.178:3000/dcic_docs/Greater_Boston_Box107/thumb/Greater_Boston_AD_137.jpg,900,1484
127,Greater,http://128.8.164.178:3000/dcic_docs/Greater_Boston_Box107/Greater_Boston_AD_138.jpg,http://128.8.164.178:3000/dcic_docs/Greater_Boston_Box107/thumb/Greater_Boston_AD_138.jpg,900,1484