order,set_key,file_path,thumbnail,width,height
0,Pittsburgh,http://ec2-54-162-126-13.compute-1.amazonaws.com:3000/dcic_docs/Pittsburgh_Box94/Pittsburgh_AD_002.jpg,http://ec2-54-162-126-13.compute-1.amazonaws.com:3000/dcic_docs/Pittsburgh_Box94/thumb/Pittsburgh_AD_002.jpg,900,1487
1,Pittsburgh,http://ec2-54-162-126-13.compute-1.amazonaws.com:3000/dcic_docs/Pittsburgh_Box94/Pittsburgh_AD_003.jpg,http://ec2-54-162-126-13.compute-1.amazonaws.com:3000/dcic_docs/Pittsburgh_Box94/thumb/Pittsburgh_AD_003.jpg,900,1487
2,Pittsburgh,http://ec2-54-162-126-13.compute-1.amazonaws.com:3000/dcic_docs/Pittsburgh_Box94/Pittsburgh_AD_004.jpg,http://ec2-54-162-126-13.compute-1.amazonaws.com:3000/dcic_docs/Pittsburgh_Box94/thumb/Pittsburgh_AD_004.jpg,900,1487
3,Pittsburgh,http://ec2-54-162-126-13.compute-1.amazonaws.com:3000/dcic_docs/Pittsburgh_Box94/Pittsburgh_AD_005.jpg,http://ec2-54-162-126-13.compute-1.amazonaws.com:3000/dcic_docs/Pittsburgh_Box94/thumb/Pittsburgh_AD_005.jpg,900,1487
4,Pittsburgh,http://ec2-54-162-126-13.compute-1.amazonaws.com:3000/dcic_docs/Pittsburgh_Box94/Pittsburgh_AD_006.jpg,http://ec2-54-162-126-13.compute-1.amazonaws.com:3000/dcic_docs/Pittsburgh_Box94/thumb/Pittsburgh_AD_006.jpg,900,1487
5,Pittsburgh,http://ec2-54-162-126-13.compute-1.amazonaws.com:3000/dcic_docs/Pittsburgh_Box94/Pittsburgh_AD_007.jpg,http://ec2-54-162-126-13.compute-1.amazonaws.com:3000/dcic_docs/Pittsburgh_Box94/thumb/Pittsburgh_AD_007.jpg,900,1487
6,Pittsburgh,http://ec2-54-162-126-13.compute-1.amazonaws.com:3000/dcic_docs/Pittsburgh_Box94/Pittsburgh_AD_008.jpg,http://ec2-54-162-126-13.compute-1.amazonaws.com:3000/dcic_docs/Pittsburgh_Box94/thumb/Pittsburgh_AD_008.jpg,900,1487
7,Pittsburgh,http://ec2-54-162-126-13.compute-1.amazonaws.com:3000/dcic_docs/Pittsburgh_Box94/Pittsburgh_AD_009.jpg,http://ec2-54-162-126-13.compute-1.amazonaws.com:3000/dcic_docs/Pittsburgh_Box94/thumb/Pittsburgh_AD_009.jpg,900,1487
8,Pittsburgh,http://ec2-54-162-126-13.compute-1.amazonaws.com:3000/dcic_docs/Pittsburgh_Box94/Pittsburgh_AD_010.jpg,http://ec2-54-162-126-13.compute-1.amazonaws.com:3000/dcic_docs/Pittsburgh_Box94/thumb/Pittsburgh_AD_010.jpg,900,1487
9,Pittsburgh,http://ec2-54-162-126-13.compute-1.amazonaws.com:3000/dcic_docs/Pittsburgh_Box94/Pittsburgh_AD_011.jpg,http://ec2-54-162-126-13.compute-1.amazonaws.com:3000/dcic_docs/Pittsburgh_Box94/thumb/Pittsburgh_AD_011.jpg,900,1487
10,Pittsburgh,http://ec2-54-162-126-13.compute-1.amazonaws.com:3000/dcic_docs/Pittsburgh_Box94/Pittsburgh_AD_012.jpg,http://ec2-54-162-126-13.compute-1.amazonaws.com:3000/dcic_docs/Pittsburgh_Box94/thumb/Pittsburgh_AD_012.jpg,900,1487
11,Pittsburgh,http://ec2-54-162-126-13.compute-1.amazonaws.com:3000/dcic_docs/Pittsburgh_Box94/Pittsburgh_AD_013.jpg,http://ec2-54-162-126-13.compute-1.amazonaws.com:3000/dcic_docs/Pittsburgh_Box94/thumb/Pittsburgh_AD_013.jpg,900,1496
12,Pittsburgh,http://ec2-54-162-126-13.compute-1.amazonaws.com:3000/dcic_docs/Pittsburgh_Box94/Pittsburgh_AD_014.jpg,http://ec2-54-162-126-13.compute-1.amazonaws.com:3000/dcic_docs/Pittsburgh_Box94/thumb/Pittsburgh_AD_014.jpg,900,1487
13,Pittsburgh,http://ec2-54-162-126-13.compute-1.amazonaws.com:3000/dcic_docs/Pittsburgh_Box94/Pittsburgh_AD_015.jpg,http://ec2-54-162-126-13.compute-1.amazonaws.com:3000/dcic_docs/Pittsburgh_Box94/thumb/Pittsburgh_AD_015.jpg,900,1487
14,Pittsburgh,http://ec2-54-162-126-13.compute-1.amazonaws.com:3000/dcic_docs/Pittsburgh_Box94/Pittsburgh_AD_016.jpg,http://ec2-54-162-126-13.compute-1.amazonaws.com:3000/dcic_docs/Pittsburgh_Box94/thumb/Pittsburgh_AD_016.jpg,900,1487
15,Pittsburgh,http://ec2-54-162-126-13.compute-1.amazonaws.com:3000/dcic_docs/Pittsburgh_Box94/Pittsburgh_AD_017.jpg,http://ec2-54-162-126-13.compute-1.amazonaws.com:3000/dcic_docs/Pittsburgh_Box94/thumb/Pittsburgh_AD_017.jpg,900,1487
16,Pittsburgh,http://ec2-54-162-126-13.compute-1.amazonaws.com:3000/dcic_docs/Pittsburgh_Box94/Pittsburgh_AD_018.jpg,http://ec2-54-162-126-13.compute-1.amazonaws.com:3000/dcic_docs/Pittsburgh_Box94/thumb/Pittsburgh_AD_018.jpg,900,1487
17,Pittsburgh,http://ec2-54-162-126-13.compute-1.amazonaws.com:3000/dcic_docs/Pittsburgh_Box94/Pittsburgh_AD_019.jpg,http://ec2-54-162-126-13.compute-1.amazonaws.com:3000/dcic_docs/Pittsburgh_Box94/thumb/Pittsburgh_AD_019.jpg,900,1487
18,Pittsburgh,http://ec2-54-162-126-13.compute-1.amazonaws.com:3000/dcic_docs/Pittsburgh_Box94/Pittsburgh_AD_020.jpg,http://ec2-54-162-126-13.compute-1.amazonaws.com:3000/dcic_docs/Pittsburgh_Box94/thumb/Pittsburgh_AD_020.jpg,900,1487
19,Pittsburgh,http://ec2-54-162-126-13.compute-1.amazonaws.com:3000/dcic_docs/Pittsburgh_Box94/Pittsburgh_AD_021.jpg,http://ec2-54-162-126-13.compute-1.amazonaws.com:3000/dcic_docs/Pittsburgh_Box94/thumb/Pittsburgh_AD_021.jpg,900,1487
20,Pittsburgh,http://ec2-54-162-126-13.compute-1.amazonaws.com:3000/dcic_docs/Pittsburgh_Box94/Pittsburgh_AD_022.jpg,http://ec2-54-162-126-13.compute-1.amazonaws.com:3000/dcic_docs/Pittsburgh_Box94/thumb/Pittsburgh_AD_022.jpg,900,1487
21,Pittsburgh,http://ec2-54-162-126-13.compute-1.amazonaws.com:3000/dcic_docs/Pittsburgh_Box94/Pittsburgh_AD_023.jpg,http://ec2-54-162-126-13.compute-1.amazonaws.com:3000/dcic_docs/Pittsburgh_Box94/thumb/Pittsburgh_AD_023.jpg,900,1487
22,Pittsburgh,http://ec2-54-162-126-13.compute-1.amazonaws.com:3000/dcic_docs/Pittsburgh_Box94/Pittsburgh_AD_024.jpg,http://ec2-54-162-126-13.compute-1.amazonaws.com:3000/dcic_docs/Pittsburgh_Box94/thumb/Pittsburgh_AD_024.jpg,900,1487
23,Pittsburgh,http://ec2-54-162-126-13.compute-1.amazonaws.com:3000/dcic_docs/Pittsburgh_Box94/Pittsburgh_AD_025.jpg,http://ec2-54-162-126-13.compute-1.amazonaws.com:3000/dcic_docs/Pittsburgh_Box94/thumb/Pittsburgh_AD_025.jpg,900,1487
24,Pittsburgh,http://ec2-54-162-126-13.compute-1.amazonaws.com:3000/dcic_docs/Pittsburgh_Box94/Pittsburgh_AD_026.jpg,http://ec2-54-162-126-13.compute-1.amazonaws.com:3000/dcic_docs/Pittsburgh_Box94/thumb/Pittsburgh_AD_026.jpg,900,1487
25,Pittsburgh,http://ec2-54-162-126-13.compute-1.amazonaws.com:3000/dcic_docs/Pittsburgh_Box94/Pittsburgh_AD_027.jpg,http://ec2-54-162-126-13.compute-1.amazonaws.com:3000/dcic_docs/Pittsburgh_Box94/thumb/Pittsburgh_AD_027.jpg,900,1487
26,Pittsburgh,http://ec2-54-162-126-13.compute-1.amazonaws.com:3000/dcic_docs/Pittsburgh_Box94/Pittsburgh_AD_028.jpg,http://ec2-54-162-126-13.compute-1.amazonaws.com:3000/dcic_docs/Pittsburgh_Box94/thumb/Pittsburgh_AD_028.jpg,900,1487
27,Pittsburgh,http://ec2-54-162-126-13.compute-1.amazonaws.com:3000/dcic_docs/Pittsburgh_Box94/Pittsburgh_AD_029.jpg,http://ec2-54-162-126-13.compute-1.amazonaws.com:3000/dcic_docs/Pittsburgh_Box94/thumb/Pittsburgh_AD_029.jpg,900,1487
28,Pittsburgh,http://ec2-54-162-126-13.compute-1.amazonaws.com:3000/dcic_docs/Pittsburgh_Box94/Pittsburgh_AD_030.jpg,http://ec2-54-162-126-13.compute-1.amazonaws.com:3000/dcic_docs/Pittsburgh_Box94/thumb/Pittsburgh_AD_030.jpg,900,1490
29,Pittsburgh,http://ec2-54-162-126-13.compute-1.amazonaws.com:3000/dcic_docs/Pittsburgh_Box94/Pittsburgh_AD_031.jpg,http://ec2-54-162-126-13.compute-1.amazonaws.com:3000/dcic_docs/Pittsburgh_Box94/thumb/Pittsburgh_AD_031.jpg,900,1487
30,Pittsburgh,http://ec2-54-162-126-13.compute-1.amazonaws.com:3000/dcic_docs/Pittsburgh_Box94/Pittsburgh_AD_032.jpg,http://ec2-54-162-126-13.compute-1.amazonaws.com:3000/dcic_docs/Pittsburgh_Box94/thumb/Pittsburgh_AD_032.jpg,900,1487
31,Pittsburgh,http://ec2-54-162-126-13.compute-1.amazonaws.com:3000/dcic_docs/Pittsburgh_Box94/Pittsburgh_AD_033.jpg,http://ec2-54-162-126-13.compute-1.amazonaws.com:3000/dcic_docs/Pittsburgh_Box94/thumb/Pittsburgh_AD_033.jpg,900,1487
32,Pittsburgh,http://ec2-54-162-126-13.compute-1.amazonaws.com:3000/dcic_docs/Pittsburgh_Box94/Pittsburgh_AD_034.jpg,http://ec2-54-162-126-13.compute-1.amazonaws.com:3000/dcic_docs/Pittsburgh_Box94/thumb/Pittsburgh_AD_034.jpg,900,1487
33,Pittsburgh,http://ec2-54-162-126-13.compute-1.amazonaws.com:3000/dcic_docs/Pittsburgh_Box94/Pittsburgh_AD_035.jpg,http://ec2-54-162-126-13.compute-1.amazonaws.com:3000/dcic_docs/Pittsburgh_Box94/thumb/Pittsburgh_AD_035.jpg,900,1487
34,Pittsburgh,http://ec2-54-162-126-13.compute-1.amazonaws.com:3000/dcic_docs/Pittsburgh_Box94/Pittsburgh_AD_036.jpg,http://ec2-54-162-126-13.compute-1.amazonaws.com:3000/dcic_docs/Pittsburgh_Box94/thumb/Pittsburgh_AD_036.jpg,900,1487
35,Pittsburgh,http://ec2-54-162-126-13.compute-1.amazonaws.com:3000/dcic_docs/Pittsburgh_Box94/Pittsburgh_AD_037.jpg,http://ec2-54-162-126-13.compute-1.amazonaws.com:3000/dcic_docs/Pittsburgh_Box94/thumb/Pittsburgh_AD_037.jpg,900,1487
36,Pittsburgh,http://ec2-54-162-126-13.compute-1.amazonaws.com:3000/dcic_docs/Pittsburgh_Box94/Pittsburgh_AD_038.jpg,http://ec2-54-162-126-13.compute-1.amazonaws.com:3000/dcic_docs/Pittsburgh_Box94/thumb/Pittsburgh_AD_038.jpg,900,1487
37,Pittsburgh,http://ec2-54-162-126-13.compute-1.amazonaws.com:3000/dcic_docs/Pittsburgh_Box94/Pittsburgh_AD_039.jpg,http://ec2-54-162-126-13.compute-1.amazonaws.com:3000/dcic_docs/Pittsburgh_Box94/thumb/Pittsburgh_AD_039.jpg,900,1487
38,Pittsburgh,http://ec2-54-162-126-13.compute-1.amazonaws.com:3000/dcic_docs/Pittsburgh_Box94/Pittsburgh_AD_040.jpg,http://ec2-54-162-126-13.compute-1.amazonaws.com:3000/dcic_docs/Pittsburgh_Box94/thumb/Pittsburgh_AD_040.jpg,900,1490
39,Pittsburgh,http://ec2-54-162-126-13.compute-1.amazonaws.com:3000/dcic_docs/Pittsburgh_Box94/Pittsburgh_AD_041.jpg,http://ec2-54-162-126-13.compute-1.amazonaws.com:3000/dcic_docs/Pittsburgh_Box94/thumb/Pittsburgh_AD_041.jpg,900,1487
40,Pittsburgh,http://ec2-54-162-126-13.compute-1.amazonaws.com:3000/dcic_docs/Pittsburgh_Box94/Pittsburgh_AD_042.jpg,http://ec2-54-162-126-13.compute-1.amazonaws.com:3000/dcic_docs/Pittsburgh_Box94/thumb/Pittsburgh_AD_042.jpg,900,1487
41,Pittsburgh,http://ec2-54-162-126-13.compute-1.amazonaws.com:3000/dcic_docs/Pittsburgh_Box94/Pittsburgh_AD_043.jpg,http://ec2-54-162-126-13.compute-1.amazonaws.com:3000/dcic_docs/Pittsburgh_Box94/thumb/Pittsburgh_AD_043.jpg,900,1487
42,Pittsburgh,http://ec2-54-162-126-13.compute-1.amazonaws.com:3000/dcic_docs/Pittsburgh_Box94/Pittsburgh_AD_044.jpg,http://ec2-54-162-126-13.compute-1.amazonaws.com:3000/dcic_docs/Pittsburgh_Box94/thumb/Pittsburgh_AD_044.jpg,900,1487
43,Pittsburgh,http://ec2-54-162-126-13.compute-1.amazonaws.com:3000/dcic_docs/Pittsburgh_Box94/Pittsburgh_AD_045.jpg,http://ec2-54-162-126-13.compute-1.amazonaws.com:3000/dcic_docs/Pittsburgh_Box94/thumb/Pittsburgh_AD_045.jpg,900,1493
44,Pittsburgh,http://ec2-54-162-126-13.compute-1.amazonaws.com:3000/dcic_docs/Pittsburgh_Box94/Pittsburgh_AD_046.jpg,http://ec2-54-162-126-13.compute-1.amazonaws.com:3000/dcic_docs/Pittsburgh_Box94/thumb/Pittsburgh_AD_046.jpg,900,1487
45,Pittsburgh,http://ec2-54-162-126-13.compute-1.amazonaws.com:3000/dcic_docs/Pittsburgh_Box94/Pittsburgh_AD_047.jpg,http://ec2-54-162-126-13.compute-1.amazonaws.com:3000/dcic_docs/Pittsburgh_Box94/thumb/Pittsburgh_AD_047.jpg,900,1487
46,Pittsburgh,http://ec2-54-162-126-13.compute-1.amazonaws.com:3000/dcic_docs/Pittsburgh_Box94/Pittsburgh_AD_048.jpg,http://ec2-54-162-126-13.compute-1.amazonaws.com:3000/dcic_docs/Pittsburgh_Box94/thumb/Pittsburgh_AD_048.jpg,900,1487
47,Pittsburgh,http://ec2-54-162-126-13.compute-1.amazonaws.com:3000/dcic_docs/Pittsburgh_Box94/Pittsburgh_AD_049.jpg,http://ec2-54-162-126-13.compute-1.amazonaws.com:3000/dcic_docs/Pittsburgh_Box94/thumb/Pittsburgh_AD_049.jpg,900,1488
48,Pittsburgh,http://ec2-54-162-126-13.compute-1.amazonaws.com:3000/dcic_docs/Pittsburgh_Box94/Pittsburgh_AD_050.jpg,http://ec2-54-162-126-13.compute-1.amazonaws.com:3000/dcic_docs/Pittsburgh_Box94/thumb/Pittsburgh_AD_050.jpg,900,1487
49,Pittsburgh,http://ec2-54-162-126-13.compute-1.amazonaws.com:3000/dcic_docs/Pittsburgh_Box94/Pittsburgh_AD_051.jpg,http://ec2-54-162-126-13.compute-1.amazonaws.com:3000/dcic_docs/Pittsburgh_Box94/thumb/Pittsburgh_AD_051.jpg,900,1487
50,Pittsburgh,http://ec2-54-162-126-13.compute-1.amazonaws.com:3000/dcic_docs/Pittsburgh_Box94/Pittsburgh_AD_052.jpg,http://ec2-54-162-126-13.compute-1.amazonaws.com:3000/dcic_docs/Pittsburgh_Box94/thumb/Pittsburgh_AD_052.jpg,900,1487
51,Pittsburgh,http://ec2-54-162-126-13.compute-1.amazonaws.com:3000/dcic_docs/Pittsburgh_Box94/Pittsburgh_AD_053.jpg,http://ec2-54-162-126-13.compute-1.amazonaws.com:3000/dcic_docs/Pittsburgh_Box94/thumb/Pittsburgh_AD_053.jpg,900,1487
52,Pittsburgh,http://ec2-54-162-126-13.compute-1.amazonaws.com:3000/dcic_docs/Pittsburgh_Box94/Pittsburgh_AD_054.jpg,http://ec2-54-162-126-13.compute-1.amazonaws.com:3000/dcic_docs/Pittsburgh_Box94/thumb/Pittsburgh_AD_054.jpg,900,1487
53,Pittsburgh,http://ec2-54-162-126-13.compute-1.amazonaws.com:3000/dcic_docs/Pittsburgh_Box94/Pittsburgh_AD_055.jpg,http://ec2-54-162-126-13.compute-1.amazonaws.com:3000/dcic_docs/Pittsburgh_Box94/thumb/Pittsburgh_AD_055.jpg,900,1487
54,Pittsburgh,http://ec2-54-162-126-13.compute-1.amazonaws.com:3000/dcic_docs/Pittsburgh_Box94/Pittsburgh_AD_056.jpg,http://ec2-54-162-126-13.compute-1.amazonaws.com:3000/dcic_docs/Pittsburgh_Box94/thumb/Pittsburgh_AD_056.jpg,900,1487
55,Pittsburgh,http://ec2-54-162-126-13.compute-1.amazonaws.com:3000/dcic_docs/Pittsburgh_Box94/Pittsburgh_AD_057.jpg,http://ec2-54-162-126-13.compute-1.amazonaws.com:3000/dcic_docs/Pittsburgh_Box94/thumb/Pittsburgh_AD_057.jpg,900,1487
56,Pittsburgh,http://ec2-54-162-126-13.compute-1.amazonaws.com:3000/dcic_docs/Pittsburgh_Box94/Pittsburgh_AD_058.jpg,http://ec2-54-162-126-13.compute-1.amazonaws.com:3000/dcic_docs/Pittsburgh_Box94/thumb/Pittsburgh_AD_058.jpg,900,1487
57,Pittsburgh,http://ec2-54-162-126-13.compute-1.amazonaws.com:3000/dcic_docs/Pittsburgh_Box94/Pittsburgh_AD_059.jpg,http://ec2-54-162-126-13.compute-1.amazonaws.com:3000/dcic_docs/Pittsburgh_Box94/thumb/Pittsburgh_AD_059.jpg,900,1487
58,Pittsburgh,http://ec2-54-162-126-13.compute-1.amazonaws.com:3000/dcic_docs/Pittsburgh_Box94/Pittsburgh_AD_060.jpg,http://ec2-54-162-126-13.compute-1.amazonaws.com:3000/dcic_docs/Pittsburgh_Box94/thumb/Pittsburgh_AD_060.jpg,900,1489
59,Pittsburgh,http://ec2-54-162-126-13.compute-1.amazonaws.com:3000/dcic_docs/Pittsburgh_Box94/Pittsburgh_AD_061.jpg,http://ec2-54-162-126-13.compute-1.amazonaws.com:3000/dcic_docs/Pittsburgh_Box94/thumb/Pittsburgh_AD_061.jpg,900,1487
60,Pittsburgh,http://ec2-54-162-126-13.compute-1.amazonaws.com:3000/dcic_docs/Pittsburgh_Box94/Pittsburgh_AD_062.jpg,http://ec2-54-162-126-13.compute-1.amazonaws.com:3000/dcic_docs/Pittsburgh_Box94/thumb/Pittsburgh_AD_062.jpg,900,1487
61,Pittsburgh,http://ec2-54-162-126-13.compute-1.amazonaws.com:3000/dcic_docs/Pittsburgh_Box94/Pittsburgh_AD_063.jpg,http://ec2-54-162-126-13.compute-1.amazonaws.com:3000/dcic_docs/Pittsburgh_Box94/thumb/Pittsburgh_AD_063.jpg,900,1487
62,Pittsburgh,http://ec2-54-162-126-13.compute-1.amazonaws.com:3000/dcic_docs/Pittsburgh_Box94/Pittsburgh_AD_064.jpg,http://ec2-54-162-126-13.compute-1.amazonaws.com:3000/dcic_docs/Pittsburgh_Box94/thumb/Pittsburgh_AD_064.jpg,900,1487
63,Pittsburgh,http://ec2-54-162-126-13.compute-1.amazonaws.com:3000/dcic_docs/Pittsburgh_Box94/Pittsburgh_AD_065.jpg,http://ec2-54-162-126-13.compute-1.amazonaws.com:3000/dcic_docs/Pittsburgh_Box94/thumb/Pittsburgh_AD_065.jpg,900,1487
64,Pittsburgh,http://ec2-54-162-126-13.compute-1.amazonaws.com:3000/dcic_docs/Pittsburgh_Box94/Pittsburgh_AD_066.jpg,http://ec2-54-162-126-13.compute-1.amazonaws.com:3000/dcic_docs/Pittsburgh_Box94/thumb/Pittsburgh_AD_066.jpg,900,1487
65,Pittsburgh,http://ec2-54-162-126-13.compute-1.amazonaws.com:3000/dcic_docs/Pittsburgh_Box94/Pittsburgh_AD_067.jpg,http://ec2-54-162-126-13.compute-1.amazonaws.com:3000/dcic_docs/Pittsburgh_Box94/thumb/Pittsburgh_AD_067.jpg,900,1489
66,Pittsburgh,http://ec2-54-162-126-13.compute-1.amazonaws.com:3000/dcic_docs/Pittsburgh_Box94/Pittsburgh_AD_068.jpg,http://ec2-54-162-126-13.compute-1.amazonaws.com:3000/dcic_docs/Pittsburgh_Box94/thumb/Pittsburgh_AD_068.jpg,900,1487
67,Pittsburgh,http://ec2-54-162-126-13.compute-1.amazonaws.com:3000/dcic_docs/Pittsburgh_Box94/Pittsburgh_AD_069.jpg,http://ec2-54-162-126-13.compute-1.amazonaws.com:3000/dcic_docs/Pittsburgh_Box94/thumb/Pittsburgh_AD_069.jpg,900,1487
68,Pittsburgh,http://ec2-54-162-126-13.compute-1.amazonaws.com:3000/dcic_docs/Pittsburgh_Box94/Pittsburgh_AD_070.jpg,http://ec2-54-162-126-13.compute-1.amazonaws.com:3000/dcic_docs/Pittsburgh_Box94/thumb/Pittsburgh_AD_070.jpg,900,1487
69,Pittsburgh,http://ec2-54-162-126-13.compute-1.amazonaws.com:3000/dcic_docs/Pittsburgh_Box94/Pittsburgh_AD_071.jpg,http://ec2-54-162-126-13.compute-1.amazonaws.com:3000/dcic_docs/Pittsburgh_Box94/thumb/Pittsburgh_AD_071.jpg,900,1488
70,Pittsburgh,http://ec2-54-162-126-13.compute-1.amazonaws.com:3000/dcic_docs/Pittsburgh_Box94/Pittsburgh_AD_072.jpg,http://ec2-54-162-126-13.compute-1.amazonaws.com:3000/dcic_docs/Pittsburgh_Box94/thumb/Pittsburgh_AD_072.jpg,900,1489
71,Pittsburgh,http://ec2-54-162-126-13.compute-1.amazonaws.com:3000/dcic_docs/Pittsburgh_Box94/Pittsburgh_AD_073.jpg,http://ec2-54-162-126-13.compute-1.amazonaws.com:3000/dcic_docs/Pittsburgh_Box94/thumb/Pittsburgh_AD_073.jpg,900,1487
72,Pittsburgh,http://ec2-54-162-126-13.compute-1.amazonaws.com:3000/dcic_docs/Pittsburgh_Box94/Pittsburgh_AD_074.jpg,http://ec2-54-162-126-13.compute-1.amazonaws.com:3000/dcic_docs/Pittsburgh_Box94/thumb/Pittsburgh_AD_074.jpg,900,1496
73,Pittsburgh,http://ec2-54-162-126-13.compute-1.amazonaws.com:3000/dcic_docs/Pittsburgh_Box94/Pittsburgh_AD_075.jpg,http://ec2-54-162-126-13.compute-1.amazonaws.com:3000/dcic_docs/Pittsburgh_Box94/thumb/Pittsburgh_AD_075.jpg,900,1490
74,Pittsburgh,http://ec2-54-162-126-13.compute-1.amazonaws.com:3000/dcic_docs/Pittsburgh_Box94/Pittsburgh_AD_076.jpg,http://ec2-54-162-126-13.compute-1.amazonaws.com:3000/dcic_docs/Pittsburgh_Box94/thumb/Pittsburgh_AD_076.jpg,900,1487
75,Pittsburgh,http://ec2-54-162-126-13.compute-1.amazonaws.com:3000/dcic_docs/Pittsburgh_Box94/Pittsburgh_AD_077.jpg,http://ec2-54-162-126-13.compute-1.amazonaws.com:3000/dcic_docs/Pittsburgh_Box94/thumb/Pittsburgh_AD_077.jpg,900,1487
76,Pittsburgh,http://ec2-54-162-126-13.compute-1.amazonaws.com:3000/dcic_docs/Pittsburgh_Box94/Pittsburgh_AD_078.jpg,http://ec2-54-162-126-13.compute-1.amazonaws.com:3000/dcic_docs/Pittsburgh_Box94/thumb/Pittsburgh_AD_078.jpg,900,1487
77,Pittsburgh,http://ec2-54-162-126-13.compute-1.amazonaws.com:3000/dcic_docs/Pittsburgh_Box94/Pittsburgh_AD_079.jpg,http://ec2-54-162-126-13.compute-1.amazonaws.com:3000/dcic_docs/Pittsburgh_Box94/thumb/Pittsburgh_AD_079.jpg,900,1488
78,Pittsburgh,http://ec2-54-162-126-13.compute-1.amazonaws.com:3000/dcic_docs/Pittsburgh_Box94/Pittsburgh_AD_080.jpg,http://ec2-54-162-126-13.compute-1.amazonaws.com:3000/dcic_docs/Pittsburgh_Box94/thumb/Pittsburgh_AD_080.jpg,900,1487
79,Pittsburgh,http://ec2-54-162-126-13.compute-1.amazonaws.com:3000/dcic_docs/Pittsburgh_Box94/Pittsburgh_AD_081.jpg,http://ec2-54-162-126-13.compute-1.amazonaws.com:3000/dcic_docs/Pittsburgh_Box94/thumb/Pittsburgh_AD_081.jpg,900,1487
80,Pittsburgh,http://ec2-54-162-126-13.compute-1.amazonaws.com:3000/dcic_docs/Pittsburgh_Box94/Pittsburgh_AD_082.jpg,http://ec2-54-162-126-13.compute-1.amazonaws.com:3000/dcic_docs/Pittsburgh_Box94/thumb/Pittsburgh_AD_082.jpg,900,1488
81,Pittsburgh,http://ec2-54-162-126-13.compute-1.amazonaws.com:3000/dcic_docs/Pittsburgh_Box94/Pittsburgh_AD_083.jpg,http://ec2-54-162-126-13.compute-1.amazonaws.com:3000/dcic_docs/Pittsburgh_Box94/thumb/Pittsburgh_AD_083.jpg,900,1487
82,Pittsburgh,http://ec2-54-162-126-13.compute-1.amazonaws.com:3000/dcic_docs/Pittsburgh_Box94/Pittsburgh_AD_084.jpg,http://ec2-54-162-126-13.compute-1.amazonaws.com:3000/dcic_docs/Pittsburgh_Box94/thumb/Pittsburgh_AD_084.jpg,900,1487
83,Pittsburgh,http://ec2-54-162-126-13.compute-1.amazonaws.com:3000/dcic_docs/Pittsburgh_Box94/Pittsburgh_AD_085.jpg,http://ec2-54-162-126-13.compute-1.amazonaws.com:3000/dcic_docs/Pittsburgh_Box94/thumb/Pittsburgh_AD_085.jpg,900,1487
84,Pittsburgh,http://ec2-54-162-126-13.compute-1.amazonaws.com:3000/dcic_docs/Pittsburgh_Box94/Pittsburgh_AD_086.jpg,http://ec2-54-162-126-13.compute-1.amazonaws.com:3000/dcic_docs/Pittsburgh_Box94/thumb/Pittsburgh_AD_086.jpg,900,1488
85,Pittsburgh,http://ec2-54-162-126-13.compute-1.amazonaws.com:3000/dcic_docs/Pittsburgh_Box94/Pittsburgh_AD_087.jpg,http://ec2-54-162-126-13.compute-1.amazonaws.com:3000/dcic_docs/Pittsburgh_Box94/thumb/Pittsburgh_AD_087.jpg,900,1487
86,Pittsburgh,http://ec2-54-162-126-13.compute-1.amazonaws.com:3000/dcic_docs/Pittsburgh_Box94/Pittsburgh_AD_088.jpg,http://ec2-54-162-126-13.compute-1.amazonaws.com:3000/dcic_docs/Pittsburgh_Box94/thumb/Pittsburgh_AD_088.jpg,900,1487
87,Pittsburgh,http://ec2-54-162-126-13.compute-1.amazonaws.com:3000/dcic_docs/Pittsburgh_Box94/Pittsburgh_AD_089.jpg,http://ec2-54-162-126-13.compute-1.amazonaws.com:3000/dcic_docs/Pittsburgh_Box94/thumb/Pittsburgh_AD_089.jpg,900,1487
88,Pittsburgh,http://ec2-54-162-126-13.compute-1.amazonaws.com:3000/dcic_docs/Pittsburgh_Box94/Pittsburgh_AD_090.jpg,http://ec2-54-162-126-13.compute-1.amazonaws.com:3000/dcic_docs/Pittsburgh_Box94/thumb/Pittsburgh_AD_090.jpg,900,1490
89,Pittsburgh,http://ec2-54-162-126-13.compute-1.amazonaws.com:3000/dcic_docs/Pittsburgh_Box94/Pittsburgh_AD_091.jpg,http://ec2-54-162-126-13.compute-1.amazonaws.com:3000/dcic_docs/Pittsburgh_Box94/thumb/Pittsburgh_AD_091.jpg,900,1487
90,Pittsburgh,http://ec2-54-162-126-13.compute-1.amazonaws.com:3000/dcic_docs/Pittsburgh_Box94/Pittsburgh_AD_092.jpg,http://ec2-54-162-126-13.compute-1.amazonaws.com:3000/dcic_docs/Pittsburgh_Box94/thumb/Pittsburgh_AD_092.jpg,900,1489
91,Pittsburgh,http://ec2-54-162-126-13.compute-1.amazonaws.com:3000/dcic_docs/Pittsburgh_Box94/Pittsburgh_AD_093.jpg,http://ec2-54-162-126-13.compute-1.amazonaws.com:3000/dcic_docs/Pittsburgh_Box94/thumb/Pittsburgh_AD_093.jpg,900,1487
92,Pittsburgh,http://ec2-54-162-126-13.compute-1.amazonaws.com:3000/dcic_docs/Pittsburgh_Box94/Pittsburgh_AD_094.jpg,http://ec2-54-162-126-13.compute-1.amazonaws.com:3000/dcic_docs/Pittsburgh_Box94/thumb/Pittsburgh_AD_094.jpg,900,1487
93,Pittsburgh,http://ec2-54-162-126-13.compute-1.amazonaws.com:3000/dcic_docs/Pittsburgh_Box94/Pittsburgh_AD_095.jpg,http://ec2-54-162-126-13.compute-1.amazonaws.com:3000/dcic_docs/Pittsburgh_Box94/thumb/Pittsburgh_AD_095.jpg,900,1487
94,Pittsburgh,http://ec2-54-162-126-13.compute-1.amazonaws.com:3000/dcic_docs/Pittsburgh_Box94/Pittsburgh_AD_096.jpg,http://ec2-54-162-126-13.compute-1.amazonaws.com:3000/dcic_docs/Pittsburgh_Box94/thumb/Pittsburgh_AD_096.jpg,900,1487
95,Pittsburgh,http://ec2-54-162-126-13.compute-1.amazonaws.com:3000/dcic_docs/Pittsburgh_Box94/Pittsburgh_AD_097.jpg,http://ec2-54-162-126-13.compute-1.amazonaws.com:3000/dcic_docs/Pittsburgh_Box94/thumb/Pittsburgh_AD_097.jpg,900,1487
96,Pittsburgh,http://ec2-54-162-126-13.compute-1.amazonaws.com:3000/dcic_docs/Pittsburgh_Box94/Pittsburgh_AD_098.jpg,http://ec2-54-162-126-13.compute-1.amazonaws.com:3000/dcic_docs/Pittsburgh_Box94/thumb/Pittsburgh_AD_098.jpg,900,1494
97,Pittsburgh,http://ec2-54-162-126-13.compute-1.amazonaws.com:3000/dcic_docs/Pittsburgh_Box94/Pittsburgh_AD_099.jpg,http://ec2-54-162-126-13.compute-1.amazonaws.com:3000/dcic_docs/Pittsburgh_Box94/thumb/Pittsburgh_AD_099.jpg,900,1487
98,Pittsburgh,http://ec2-54-162-126-13.compute-1.amazonaws.com:3000/dcic_docs/Pittsburgh_Box94/Pittsburgh_AD_100.jpg,http://ec2-54-162-126-13.compute-1.amazonaws.com:3000/dcic_docs/Pittsburgh_Box94/thumb/Pittsburgh_AD_100.jpg,900,1487
99,Pittsburgh,http://ec2-54-162-126-13.compute-1.amazonaws.com:3000/dcic_docs/Pittsburgh_Box94/Pittsburgh_AD_101.jpg,http://ec2-54-162-126-13.compute-1.amazonaws.com:3000/dcic_docs/Pittsburgh_Box94/thumb/Pittsburgh_AD_101.jpg,900,1487
100,Pittsburgh,http://ec2-54-162-126-13.compute-1.amazonaws.com:3000/dcic_docs/Pittsburgh_Box94/Pittsburgh_AD_102.jpg,http://ec2-54-162-126-13.compute-1.amazonaws.com:3000/dcic_docs/Pittsburgh_Box94/thumb/Pittsburgh_AD_102.jpg,900,1487
101,Pittsburgh,http://ec2-54-162-126-13.compute-1.amazonaws.com:3000/dcic_docs/Pittsburgh_Box94/Pittsburgh_AD_103.jpg,http://ec2-54-162-126-13.compute-1.amazonaws.com:3000/dcic_docs/Pittsburgh_Box94/thumb/Pittsburgh_AD_103.jpg,900,1487
102,Pittsburgh,http://ec2-54-162-126-13.compute-1.amazonaws.com:3000/dcic_docs/Pittsburgh_Box94/Pittsburgh_AD_104.jpg,http://ec2-54-162-126-13.compute-1.amazonaws.com:3000/dcic_docs/Pittsburgh_Box94/thumb/Pittsburgh_AD_104.jpg,900,1487
103,Pittsburgh,http://ec2-54-162-126-13.compute-1.amazonaws.com:3000/dcic_docs/Pittsburgh_Box94/Pittsburgh_AD_105.jpg,http://ec2-54-162-126-13.compute-1.amazonaws.com:3000/dcic_docs/Pittsburgh_Box94/thumb/Pittsburgh_AD_105.jpg,900,1487
104,Pittsburgh,http://ec2-54-162-126-13.compute-1.amazonaws.com:3000/dcic_docs/Pittsburgh_Box94/Pittsburgh_AD_106.jpg,http://ec2-54-162-126-13.compute-1.amazonaws.com:3000/dcic_docs/Pittsburgh_Box94/thumb/Pittsburgh_AD_106.jpg,900,1487
105,Pittsburgh,http://ec2-54-162-126-13.compute-1.amazonaws.com:3000/dcic_docs/Pittsburgh_Box94/Pittsburgh_AD_107.jpg,http://ec2-54-162-126-13.compute-1.amazonaws.com:3000/dcic_docs/Pittsburgh_Box94/thumb/Pittsburgh_AD_107.jpg,900,1487
106,Pittsburgh,http://ec2-54-162-126-13.compute-1.amazonaws.com:3000/dcic_docs/Pittsburgh_Box94/Pittsburgh_AD_108.jpg,http://ec2-54-162-126-13.compute-1.amazonaws.com:3000/dcic_docs/Pittsburgh_Box94/thumb/Pittsburgh_AD_108.jpg,900,1487
107,Pittsburgh,http://ec2-54-162-126-13.compute-1.amazonaws.com:3000/dcic_docs/Pittsburgh_Box94/Pittsburgh_AD_109.jpg,http://ec2-54-162-126-13.compute-1.amazonaws.com:3000/dcic_docs/Pittsburgh_Box94/thumb/Pittsburgh_AD_109.jpg,900,1487
108,Pittsburgh,http://ec2-54-162-126-13.compute-1.amazonaws.com:3000/dcic_docs/Pittsburgh_Box94/Pittsburgh_AD_110.jpg,http://ec2-54-162-126-13.compute-1.amazonaws.com:3000/dcic_docs/Pittsburgh_Box94/thumb/Pittsburgh_AD_110.jpg,900,1487
109,Pittsburgh,http://ec2-54-162-126-13.compute-1.amazonaws.com:3000/dcic_docs/Pittsburgh_Box94/Pittsburgh_AD_111.jpg,http://ec2-54-162-126-13.compute-1.amazonaws.com:3000/dcic_docs/Pittsburgh_Box94/thumb/Pittsburgh_AD_111.jpg,900,1488
110,Pittsburgh,http://ec2-54-162-126-13.compute-1.amazonaws.com:3000/dcic_docs/Pittsburgh_Box94/Pittsburgh_AD_112.jpg,http://ec2-54-162-126-13.compute-1.amazonaws.com:3000/dcic_docs/Pittsburgh_Box94/thumb/Pittsburgh_AD_112.jpg,900,1487
111,Pittsburgh,http://ec2-54-162-126-13.compute-1.amazonaws.com:3000/dcic_docs/Pittsburgh_Box94/Pittsburgh_AD_113.jpg,http://ec2-54-162-126-13.compute-1.amazonaws.com:3000/dcic_docs/Pittsburgh_Box94/thumb/Pittsburgh_AD_113.jpg,900,1487
112,Pittsburgh,http://ec2-54-162-126-13.compute-1.amazonaws.com:3000/dcic_docs/Pittsburgh_Box94/Pittsburgh_AD_114.jpg,http://ec2-54-162-126-13.compute-1.amazonaws.com:3000/dcic_docs/Pittsburgh_Box94/thumb/Pittsburgh_AD_114.jpg,900,1487
113,Pittsburgh,http://ec2-54-162-126-13.compute-1.amazonaws.com:3000/dcic_docs/Pittsburgh_Box94/Pittsburgh_AD_115.jpg,http://ec2-54-162-126-13.compute-1.amazonaws.com:3000/dcic_docs/Pittsburgh_Box94/thumb/Pittsburgh_AD_115.jpg,900,1487
